{"stats":{"minecraft:dropped":{"minecraft:water_bucket":1,"minecraft:iron_ingot":12,"minecraft:bread":1,"minecraft:iron_sword":1,"toughasnails:iron_water_canteen":2,"minecraft:wheat_seeds":10,"minecraft:glow_ink_sac":3,"minecraft:crafting_table":2,"minecraft:cobblestone":13,"minecraft:leather":1,"minecraft:apple":1,"minecraft:copper_ingot":1,"minecraft:flint":1,"minecraft:stick":6,"minecraft:diorite":1,"minecraft:rose_bush":1,"minecraft:iron_leggings":3,"minecraft:iron_axe":1,"minecraft:acacia_planks":10,"minecraft:stone_axe":2,"minecraft:raw_iron":1,"toughasnails:gold_water_canteen":1,"minecraft:oak_planks":17,"minecraft:iron_boots":21,"minecraft:gunpowder":1,"minecraft:iron_chestplate":8,"minecraft:melon_seeds":1,"minecraft:oak_sapling":7,"minecraft:acacia_sapling":1,"minecraft:bow":1,"minecraft:arrow":1,"minecraft:wooden_pickaxe":1,"minecraft:stone_pickaxe":1},"minecraft:used":{"minecraft:iron_shovel":268,"minecraft:acacia_log":2,"minecraft:flint_and_steel":6,"toughasnails:water_purifier":1,"minecraft:poppy":3,"minecraft:ladder":6,"minecraft:chest":3,"minecraft:shield":118,"minecraft:wooden_shovel":117,"minecraft:oak_door":3,"minecraft:rotten_flesh":17,"minecraft:iron_chestplate":1,"minecraft:torch":38,"minecraft:dirt":70,"minecraft:mutton":2,"toughasnails:empty_iron_canteen":3,"toughasnails:iron_purified_water_canteen":7,"minecraft:tuff":13,"minecraft:granite":2,"minecraft:snowball":2,"minecraft:iron_axe":897,"minecraft:iron_helmet":1,"toughasnails:leather_water_canteen":32,"minecraft:beef":7,"minecraft:hay_block":3,"minecraft:oak_sapling":18,"minecraft:furnace":1,"minecraft:acacia_wood":1,"minecraft:egg":3,"minecraft:cobbled_deepslate":80,"minecraft:acacia_planks":6,"minecraft:golden_axe":18,"toughasnails:empty_leather_canteen":3,"minecraft:iron_leggings":1,"minecraft:diorite":19,"minecraft:leather_leggings":1,"minecraft:amethyst_block":1,"minecraft:glass_bottle":3,"minecraft:stone_pickaxe":60,"minecraft:oak_planks":23,"minecraft:wooden_pickaxe":12,"minecraft:diamond_axe":12,"minecraft:fletching_table":20,"minecraft:white_wool":1,"minecraft:crafting_table":13,"toughasnails:gold_water_canteen":19,"minecraft:oak_log":1,"toughasnails:empty_gold_canteen":1,"minecraft:diamond_pickaxe":43,"minecraft:apple":3,"minecraft:melon_slice":17,"minecraft:bread":60,"minecraft:iron_pickaxe":160,"minecraft:gravel":107,"minecraft:stone_axe":469,"minecraft:potion":3,"minecraft:cobblestone":9,"minecraft:porkchop":2,"toughasnails:iron_water_canteen":23},"minecraft:broken":{"minecraft:iron_shovel":1,"minecraft:wooden_shovel":2,"toughasnails:gold_water_canteen":1,"toughasnails:iron_purified_water_canteen":1,"toughasnails:leather_water_canteen":3,"minecraft:golden_axe":1,"minecraft:iron_axe":4,"minecraft:stone_axe":3,"toughasnails:iron_water_canteen":1},"minecraft:mined":{"minecraft:tuff":14,"minecraft:white_bed":2,"minecraft:deepslate_diamond_ore":7,"minecraft:acacia_log":146,"minecraft:granite":3,"minecraft:grass_block":105,"minecraft:hay_block":17,"minecraft:iron_ore":27,"minecraft:cobbled_deepslate":5,"minecraft:fire":3,"minecraft:fletching_table":14,"minecraft:deepslate_lapis_ore":2,"minecraft:dirt_path":5,"minecraft:deepslate_iron_ore":29,"minecraft:stone":16,"minecraft:deepslate_redstone_ore":13,"minecraft:acacia_leaves":21,"minecraft:medium_amethyst_bud":1,"minecraft:crafting_table":5,"minecraft:cornflower":1,"minecraft:melon":4,"minecraft:rose_bush":2,"minecraft:copper_ore":2,"minecraft:tall_grass":1,"minecraft:cobblestone":10,"minecraft:lapis_ore":2,"minecraft:deepslate_gold_ore":6,"minecraft:sugar_cane":3,"minecraft:oak_planks":2,"minecraft:wall_torch":2,"minecraft:diorite":21,"minecraft:amethyst_block":1,"minecraft:birch_leaves":1,"minecraft:yellow_bed":1,"minecraft:grass":50,"minecraft:oak_log":850,"minecraft:coal_ore":27,"minecraft:gravel":122,"minecraft:dirt":102,"minecraft:oak_leaves":117,"minecraft:deepslate":73},"minecraft:custom":{"minecraft:mob_kills":61,"minecraft:interact_with_crafting_table":52,"minecraft:bell_ring":48,"minecraft:leave_game":8,"minecraft:time_since_death":62765,"minecraft:climb_one_cm":8261,"minecraft:sprint_one_cm":556309,"minecraft:walk_one_cm":829557,"minecraft:damage_blocked_by_shield":2103,"minecraft:drop":99,"minecraft:talked_to_villager":61,"minecraft:play_time":290279,"minecraft:deaths":14,"minecraft:sneak_time":3001,"minecraft:walk_under_water_one_cm":20014,"minecraft:jump":5323,"minecraft:interact_with_blast_furnace":1,"minecraft:walk_on_water_one_cm":28444,"minecraft:total_world_time":290279,"minecraft:interact_with_furnace":26,"minecraft:traded_with_villager":165,"minecraft:sleep_in_bed":9,"minecraft:time_since_rest":8825,"minecraft:damage_taken":6866,"minecraft:damage_dealt":15930,"minecraft:player_kills":2,"minecraft:swim_one_cm":15721,"minecraft:fly_one_cm":922018,"minecraft:open_chest":67,"minecraft:crouch_one_cm":5853,"minecraft:fall_one_cm":141936},"minecraft:killed_by":{"minecraft:player":4,"minecraft:zombie":2},"minecraft:killed":{"minecraft:spider":5,"minecraft:skeleton":14,"minecraft:horse":1,"minecraft:chicken":2,"minecraft:pig":1,"minecraft:iron_golem":4,"minecraft:creeper":3,"minecraft:sheep":2,"minecraft:zombie":21,"minecraft:cow":4,"minecraft:enderman":1},"minecraft:crafted":{"minecraft:oak_planks":3256,"toughasnails:empty_iron_canteen":1,"minecraft:furnace":1,"toughasnails:empty_leather_canteen":1,"minecraft:glass":2,"minecraft:iron_boots":21,"minecraft:iron_axe":5,"minecraft:ladder":6,"minecraft:stone_pickaxe":1,"minecraft:chest":3,"minecraft:oak_button":64,"minecraft:wheat":126,"minecraft:wooden_shovel":2,"minecraft:emerald":134,"minecraft:diamond_axe":1,"minecraft:crafting_table":10,"minecraft:wooden_pickaxe":2,"minecraft:copper_ingot":3,"minecraft:fletching_table":7,"minecraft:stone_axe":4,"minecraft:bread":42,"minecraft:air":0,"minecraft:iron_chestplate":11,"minecraft:diamond_pickaxe":1,"minecraft:shield":3,"toughasnails:water_purifier":1,"minecraft:stick":5324,"minecraft:iron_ingot":19,"minecraft:iron_pickaxe":1,"minecraft:iron_shovel":2,"minecraft:acacia_planks":324,"minecraft:torch":44},"minecraft:picked_up":{"minecraft:crafting_table":7,"minecraft:iron_chestplate":5,"minecraft:wheat":2,"minecraft:chicken":3,"minecraft:leather_leggings":3,"minecraft:potion":6,"toughasnails:empty_iron_canteen":2,"minecraft:shield":8,"minecraft:amethyst_block":1,"minecraft:string":5,"minecraft:raw_copper":45,"minecraft:iron_axe":5,"minecraft:iron_leggings":3,"minecraft:flint_and_steel":5,"toughasnails:iron_water_canteen":2,"minecraft:cobbled_deepslate":93,"minecraft:beef":7,"minecraft:rose_bush":1,"minecraft:poppy":3,"minecraft:iron_pickaxe":4,"minecraft:melon_slice":24,"minecraft:sugar_cane":12,"minecraft:birch_sapling":1,"minecraft:furnace":2,"minecraft:iron_boots":9,"minecraft:egg":2,"minecraft:stick":3374,"minecraft:raw_iron":89,"minecraft:oak_door":3,"minecraft:copper_ingot":1,"minecraft:torch":25,"minecraft:acacia_log":147,"minecraft:porkchop":2,"minecraft:diorite":65,"minecraft:redstone":101,"minecraft:arrow":27,"minecraft:rotten_flesh":20,"minecraft:hay_block":17,"minecraft:mutton":4,"minecraft:white_wool":9,"minecraft:cobblestone":45,"minecraft:feather":6,"minecraft:water_bucket":1,"minecraft:glow_ink_sac":3,"minecraft:leather":17,"minecraft:music_disc_stal":2,"minecraft:acacia_wood":1,"minecraft:flint":15,"minecraft:tuff":25,"minecraft:oak_log":1068,"minecraft:yellow_bed":2,"minecraft:gunpowder":7,"minecraft:lapis_lazuli":29,"minecraft:dirt":224,"minecraft:bone":12,"minecraft:glass":6,"minecraft:acacia_planks":24,"minecraft:apple":4,"minecraft:bow":2,"minecraft:wheat_seeds":26,"minecraft:raw_gold":20,"minecraft:stone_pickaxe":5,"minecraft:iron_ingot":42,"minecraft:fletching_table":13,"minecraft:glass_bottle":5,"minecraft:acacia_sapling":1,"minecraft:iron_sword":1,"minecraft:oak_planks":39,"minecraft:gravel":107,"minecraft:sand":12,"toughasnails:empty_leather_canteen":1,"toughasnails:gold_water_canteen":1,"minecraft:white_bed":4,"minecraft:loom":4,"toughasnails:leather_water_canteen":1,"minecraft:spider_eye":6,"toughasnails:iron_purified_water_canteen":1,"minecraft:diamond":14,"minecraft:stone_axe":4,"minecraft:granite":2,"minecraft:golden_apple":2,"minecraft:emerald":355,"minecraft:bread":108,"minecraft:oak_sapling":25,"minecraft:melon_seeds":1,"minecraft:coal":49}},"DataVersion":3465}