{"stats":{"minecraft:dropped":{"toughasnails:empty_iron_canteen":2,"minecraft:water_bucket":1,"minecraft:iron_ingot":45,"minecraft:bread":133,"minecraft:oak_slab":1,"minecraft:wheat_seeds":23,"toughasnails:iron_water_canteen":2,"toughasnails:empty_leather_canteen":1,"minecraft:diamond_axe":3,"minecraft:oak_log":27,"minecraft:glow_ink_sac":3,"minecraft:glass_bottle":2,"minecraft:cobblestone":14,"minecraft:leather":1,"minecraft:apple":9,"minecraft:coal":3,"minecraft:golden_apple":1,"minecraft:stick":17,"minecraft:dirt":54,"minecraft:diorite":15,"minecraft:rose_bush":1,"minecraft:potion":2,"minecraft:iron_leggings":2,"minecraft:sand":24,"minecraft:iron_axe":3,"minecraft:iron_pickaxe":2,"minecraft:string":4,"minecraft:redstone":35,"minecraft:bone":6,"minecraft:gold_ingot":1,"minecraft:dandelion":1,"minecraft:furnace":2,"minecraft:stone_axe":2,"minecraft:raw_copper":46,"minecraft:wheat":1,"minecraft:raw_iron":14,"toughasnails:gold_water_canteen":2,"minecraft:rotten_flesh":20,"minecraft:villager_spawn_egg":1,"minecraft:iron_boots":27,"minecraft:oak_planks":33,"minecraft:white_bed":2,"minecraft:flint_and_steel":3,"minecraft:blast_furnace":2,"minecraft:poppy":5,"minecraft:hay_block":14,"minecraft:shield":1,"minecraft:diamond_pickaxe":1,"minecraft:iron_chestplate":4,"minecraft:melon_seeds":5,"minecraft:yellow_bed":1,"minecraft:oak_sapling":2,"minecraft:leather_leggings":1,"minecraft:barrel":2,"minecraft:arrow":17,"minecraft:glass":12,"minecraft:stone_pickaxe":2,"minecraft:raw_gold":14,"minecraft:egg":2},"minecraft:used":{"toughasnails:thermoregulator":1,"minecraft:iron_shovel":1010,"minecraft:flint_and_steel":12,"minecraft:ladder":2,"minecraft:chest":12,"minecraft:shield":74,"minecraft:zombie_spawn_egg":1,"minecraft:bell":1,"minecraft:iron_chestplate":1,"minecraft:torch":38,"minecraft:dirt":291,"minecraft:mutton":6,"toughasnails:empty_iron_canteen":5,"minecraft:hopper":1,"minecraft:tuff":12,"minecraft:granite":1,"minecraft:lava_bucket":1,"minecraft:villager_spawn_egg":3,"minecraft:iron_axe":340,"minecraft:iron_helmet":1,"minecraft:iron_boots":1,"minecraft:barrel":6,"minecraft:hay_block":2,"minecraft:furnace":10,"minecraft:acacia_fence":1,"minecraft:cobbled_deepslate":41,"minecraft:iron_leggings":1,"minecraft:water_bucket":7,"minecraft:diorite":2,"minecraft:stone_pickaxe":114,"minecraft:oak_planks":12,"minecraft:birch_boat":1,"minecraft:diamond_axe":467,"toughasnails:diamond_water_canteen":41,"minecraft:oak_slab":11,"minecraft:blast_furnace":2,"minecraft:red_bed":1,"minecraft:crafting_table":15,"minecraft:white_bed":13,"toughasnails:gold_water_canteen":23,"toughasnails:empty_gold_canteen":3,"minecraft:diamond_pickaxe":173,"minecraft:acacia_sign":6,"minecraft:iron_pickaxe":202,"toughasnails:empty_diamond_canteen":2,"minecraft:bread":79,"minecraft:stone_axe":120,"minecraft:cobblestone":31,"minecraft:bucket":8,"minecraft:yellow_bed":2,"toughasnails:iron_water_canteen":50,"minecraft:golden_pickaxe":33},"minecraft:broken":{"minecraft:iron_shovel":4,"toughasnails:gold_water_canteen":1,"minecraft:iron_axe":1,"toughasnails:diamond_water_canteen":1,"minecraft:iron_helmet":1,"minecraft:golden_pickaxe":1,"toughasnails:iron_water_canteen":4},"minecraft:mined":{"minecraft:tuff":11,"minecraft:white_bed":6,"minecraft:oak_sapling":2,"minecraft:deepslate_diamond_ore":12,"minecraft:ladder":4,"minecraft:acacia_log":18,"minecraft:grass_block":441,"minecraft:composter":2,"minecraft:hay_block":156,"minecraft:furnace":7,"minecraft:sculk_catalyst":1,"minecraft:iron_ore":21,"minecraft:barrel":1,"minecraft:fire":4,"minecraft:cobbled_deepslate":7,"minecraft:deepslate_lapis_ore":4,"minecraft:fletching_table":2,"minecraft:bell":1,"minecraft:sculk_shrieker":1,"minecraft:dirt_path":1,"minecraft:deepslate_iron_ore":38,"minecraft:rail":1,"minecraft:stone":189,"minecraft:oak_slab":1,"minecraft:deepslate_redstone_ore":10,"minecraft:acacia_leaves":1,"minecraft:red_bed":1,"minecraft:dandelion":2,"minecraft:powder_snow":4,"minecraft:cornflower":1,"minecraft:crafting_table":15,"minecraft:blast_furnace":2,"minecraft:poppy":1,"minecraft:chest":5,"minecraft:rose_bush":2,"minecraft:copper_ore":7,"minecraft:tall_grass":7,"minecraft:deepslate_gold_ore":22,"minecraft:oak_planks":2,"minecraft:sculk":2,"minecraft:diorite":1,"minecraft:wall_torch":1,"minecraft:birch_log":51,"minecraft:wheat":4,"minecraft:birch_leaves":11,"minecraft:yellow_bed":1,"minecraft:grass":150,"minecraft:coal_ore":39,"minecraft:oak_log":242,"minecraft:acacia_fence":10,"minecraft:sand":27,"minecraft:dirt":216,"minecraft:gold_ore":5,"minecraft:acacia_wall_sign":3,"minecraft:oak_leaves":62,"minecraft:deepslate":121},"minecraft:custom":{"minecraft:mob_kills":57,"minecraft:interact_with_crafting_table":55,"minecraft:open_barrel":2,"minecraft:bell_ring":3,"minecraft:leave_game":10,"minecraft:time_since_death":25032,"minecraft:climb_one_cm":10220,"minecraft:sprint_one_cm":574139,"minecraft:walk_one_cm":981865,"minecraft:damage_blocked_by_shield":1750,"minecraft:drop":333,"minecraft:talked_to_villager":46,"minecraft:play_time":316767,"minecraft:deaths":7,"minecraft:sneak_time":1246,"minecraft:walk_under_water_one_cm":21983,"minecraft:boat_one_cm":480,"minecraft:jump":3815,"minecraft:interact_with_blast_furnace":1,"minecraft:walk_on_water_one_cm":53790,"minecraft:total_world_time":316767,"minecraft:interact_with_furnace":72,"minecraft:traded_with_villager":99,"minecraft:sleep_in_bed":4,"minecraft:time_since_rest":25057,"minecraft:damage_taken":5025,"minecraft:damage_dealt":15859,"minecraft:player_kills":3,"minecraft:swim_one_cm":10496,"minecraft:fly_one_cm":399936,"minecraft:open_chest":72,"minecraft:crouch_one_cm":3878,"minecraft:fall_one_cm":73969},"minecraft:killed_by":{"minecraft:player":2,"minecraft:iron_golem":3,"minecraft:witch":1,"minecraft:zombie":1},"minecraft:killed":{"minecraft:spider":7,"minecraft:skeleton":10,"minecraft:zombie_villager":1,"minecraft:iron_golem":5,"minecraft:creeper":1,"minecraft:sheep":4,"minecraft:trader_llama":2,"minecraft:zombie":22,"minecraft:enderman":1},"minecraft:crafted":{"minecraft:oak_planks":1016,"toughasnails:empty_gold_canteen":2,"toughasnails:empty_iron_canteen":1,"minecraft:furnace":3,"minecraft:glass":9,"minecraft:hopper":1,"minecraft:iron_boots":20,"minecraft:iron_axe":1,"minecraft:stone_pickaxe":2,"minecraft:chest":8,"minecraft:dark_oak_planks":20,"minecraft:wheat":774,"minecraft:glass_bottle":3,"minecraft:emerald":80,"minecraft:diamond_axe":1,"minecraft:crafting_table":3,"toughasnails:empty_diamond_canteen":1,"minecraft:iron_helmet":2,"minecraft:copper_ingot":6,"minecraft:bucket":1,"minecraft:birch_planks":204,"minecraft:stone_axe":1,"minecraft:bread":258,"minecraft:air":0,"minecraft:iron_chestplate":1,"minecraft:diamond_pickaxe":1,"minecraft:charcoal":1,"minecraft:shield":1,"minecraft:acacia_sign":3,"minecraft:stick":2392,"minecraft:iron_ingot":38,"minecraft:iron_pickaxe":1,"minecraft:iron_shovel":3,"minecraft:iron_leggings":2,"minecraft:gold_ingot":9,"minecraft:white_bed":1,"minecraft:acacia_planks":52,"minecraft:torch":28},"minecraft:picked_up":{"minecraft:iron_chestplate":6,"minecraft:crafting_table":21,"minecraft:wheat":2,"minecraft:ladder":5,"minecraft:chicken":1,"minecraft:sentry_armor_trim_smithing_template":2,"minecraft:lead":2,"minecraft:enchanted_book":2,"toughasnails:empty_iron_canteen":1,"minecraft:shield":3,"minecraft:cornflower":1,"minecraft:string":9,"minecraft:red_bed":1,"minecraft:raw_copper":79,"minecraft:iron_axe":5,"minecraft:flint_and_steel":3,"minecraft:iron_leggings":4,"toughasnails:iron_water_canteen":4,"minecraft:cobbled_deepslate":301,"minecraft:acacia_sign":2,"minecraft:rose_bush":4,"minecraft:poppy":9,"minecraft:iron_pickaxe":2,"minecraft:chest":5,"minecraft:birch_sapling":9,"minecraft:furnace":10,"minecraft:iron_boots":10,"minecraft:egg":4,"minecraft:stick":91,"minecraft:raw_iron":139,"minecraft:acacia_fence":9,"minecraft:composter":2,"minecraft:copper_ingot":37,"minecraft:torch":8,"minecraft:acacia_log":18,"minecraft:diorite":2,"minecraft:redstone":102,"minecraft:arrow":46,"minecraft:rotten_flesh":54,"minecraft:hay_block":299,"minecraft:gold_ingot":5,"minecraft:mutton":6,"minecraft:rail":12,"minecraft:white_wool":4,"minecraft:cobblestone":276,"minecraft:birch_log":51,"minecraft:feather":2,"minecraft:glow_ink_sac":9,"minecraft:water_bucket":4,"minecraft:leather":1,"minecraft:potato":12,"minecraft:tuff":20,"minecraft:oak_log":312,"minecraft:yellow_bed":3,"minecraft:lapis_lazuli":116,"minecraft:dirt":648,"minecraft:name_tag":1,"toughasnails:diamond_water_canteen":2,"minecraft:glass":12,"minecraft:bone":13,"minecraft:acacia_planks":19,"minecraft:apple":8,"minecraft:bow":3,"minecraft:wheat_seeds":51,"minecraft:raw_gold":54,"minecraft:bell":1,"minecraft:iron_ingot":59,"minecraft:stone_pickaxe":1,"minecraft:fletching_table":2,"minecraft:rabbit":1,"minecraft:glass_bottle":1,"minecraft:oak_planks":11,"minecraft:oak_slab":1,"minecraft:dandelion":3,"minecraft:gravel":8,"minecraft:sand":24,"toughasnails:empty_leather_canteen":1,"toughasnails:gold_water_canteen":2,"minecraft:blast_furnace":2,"minecraft:white_bed":10,"minecraft:dark_oak_log":5,"minecraft:spider_eye":2,"minecraft:barrel":1,"minecraft:diamond":25,"minecraft:stone_axe":2,"minecraft:iron_helmet":3,"minecraft:granite":1,"minecraft:diamond_axe":5,"minecraft:bone_meal":1,"minecraft:golden_apple":3,"minecraft:bread":58,"minecraft:emerald":79,"minecraft:oak_sapling":31,"minecraft:melon_seeds":5,"minecraft:coal":263,"minecraft:diamond_pickaxe":3}},"DataVersion":3465}