{"stats":{"minecraft:dropped":{"minecraft:iron_ingot":8,"minecraft:oak_log":1,"minecraft:crafting_table":1,"minecraft:string":2,"minecraft:stone_axe":2,"minecraft:raw_copper":34,"minecraft:glass":6},"minecraft:used":{"minecraft:stone_sword":71,"minecraft:rotten_flesh":6,"minecraft:torch":2,"minecraft:dirt":11,"minecraft:mutton":1,"toughasnails:empty_iron_canteen":1,"toughasnails:leather_water_canteen":30,"minecraft:furnace":1,"minecraft:beetroot_seeds":6,"minecraft:potato":14,"minecraft:cobbled_deepslate":43,"toughasnails:empty_leather_canteen":1,"minecraft:cooked_mutton":2,"minecraft:stone_pickaxe":128,"minecraft:wooden_pickaxe":40,"minecraft:sand":12,"minecraft:crafting_table":14,"minecraft:black_bed":1,"minecraft:bread":3,"minecraft:iron_pickaxe":68,"minecraft:gravel":1,"minecraft:stone_axe":22,"minecraft:cobblestone":10,"minecraft:andesite":8,"minecraft:yellow_bed":3,"minecraft:oak_boat":9,"toughasnails:iron_water_canteen":19},"minecraft:broken":{"minecraft:wooden_pickaxe":1},"minecraft:mined":{"minecraft:white_bed":1,"minecraft:mossy_cobblestone":2,"minecraft:deepslate_diamond_ore":6,"minecraft:acacia_log":2,"minecraft:grass_block":25,"minecraft:chiseled_stone_bricks":2,"minecraft:furnace":1,"minecraft:carrots":1,"minecraft:iron_ore":9,"minecraft:fire":1,"minecraft:andesite":8,"minecraft:potatoes":3,"minecraft:deepslate_iron_ore":1,"minecraft:stone":35,"minecraft:dandelion":1,"minecraft:polished_granite":1,"minecraft:crafting_table":9,"minecraft:torch":1,"minecraft:copper_ore":3,"minecraft:tall_grass":12,"minecraft:sugar_cane":4,"minecraft:diorite":8,"minecraft:wall_torch":1,"minecraft:pink_petals":2,"minecraft:wheat":13,"minecraft:birch_leaves":2,"minecraft:black_bed":1,"minecraft:yellow_bed":4,"minecraft:stone_brick_stairs":1,"minecraft:grass":126,"minecraft:oak_log":30,"minecraft:coal_ore":25,"minecraft:beetroots":2,"minecraft:cherry_leaves":2,"minecraft:gravel":3,"minecraft:dirt":32,"minecraft:cracked_stone_bricks":3,"minecraft:stone_bricks":1,"minecraft:mossy_stone_bricks":11,"minecraft:oak_leaves":7,"minecraft:deepslate":57,"minecraft:suspicious_gravel":2},"minecraft:custom":{"minecraft:mob_kills":21,"minecraft:interact_with_crafting_table":34,"minecraft:leave_game":2,"minecraft:time_since_death":18595,"minecraft:climb_one_cm":322,"minecraft:sprint_one_cm":391590,"minecraft:walk_one_cm":390046,"minecraft:drop":10,"minecraft:play_time":137386,"minecraft:deaths":15,"minecraft:sneak_time":18,"minecraft:walk_under_water_one_cm":11446,"minecraft:boat_one_cm":322682,"minecraft:jump":2641,"minecraft:walk_on_water_one_cm":19768,"minecraft:total_world_time":137386,"minecraft:interact_with_furnace":4,"minecraft:sleep_in_bed":7,"minecraft:time_since_rest":18627,"minecraft:damage_taken":4010,"minecraft:damage_dealt":2086,"minecraft:fly_one_cm":300822,"minecraft:swim_one_cm":91084,"minecraft:player_kills":1,"minecraft:open_chest":14,"minecraft:crouch_one_cm":27,"minecraft:fall_one_cm":68652},"minecraft:killed_by":{"minecraft:zombie_villager":1,"minecraft:player":2,"minecraft:skeleton":1},"minecraft:killed":{"minecraft:chicken":2,"minecraft:pig":2,"minecraft:sheep":5,"minecraft:zombie":1,"minecraft:cow":5},"minecraft:crafted":{"minecraft:oak_door":3,"minecraft:oak_planks":116,"toughasnails:empty_iron_canteen":1,"minecraft:furnace":1,"toughasnails:empty_leather_canteen":1,"minecraft:cooked_mutton":2,"minecraft:stone_pickaxe":6,"minecraft:crafting_table":12,"minecraft:wooden_pickaxe":3,"minecraft:bread":3,"minecraft:air":0,"minecraft:oak_boat":4,"minecraft:stick":20,"minecraft:iron_pickaxe":1,"minecraft:iron_ingot":2,"minecraft:stone_sword":1,"minecraft:white_bed":1,"minecraft:torch":8},"minecraft:picked_up":{"minecraft:crafting_table":11,"minecraft:wheat":10,"minecraft:chicken":2,"minecraft:chest_minecart":2,"minecraft:leather_leggings":2,"minecraft:stone_brick_stairs":1,"minecraft:shield":1,"minecraft:string":9,"minecraft:raw_copper":57,"minecraft:beetroot":2,"minecraft:cracked_stone_bricks":2,"minecraft:cobbled_deepslate":53,"minecraft:beef":5,"minecraft:oak_boat":6,"minecraft:iron_pickaxe":1,"minecraft:light_gray_wool":1,"minecraft:sugar_cane":6,"minecraft:birch_sapling":3,"minecraft:furnace":1,"minecraft:egg":2,"minecraft:stick":9,"minecraft:raw_iron":11,"minecraft:oak_door":3,"minecraft:torch":2,"minecraft:acacia_log":6,"minecraft:porkchop":7,"minecraft:diorite":8,"minecraft:carrot":4,"minecraft:rotten_flesh":38,"minecraft:beetroot_seeds":6,"minecraft:hay_block":7,"minecraft:gold_ingot":2,"minecraft:mutton":13,"minecraft:cobblestone":48,"minecraft:rail":12,"minecraft:white_wool":8,"minecraft:nautilus_shell":1,"minecraft:pink_petals":2,"minecraft:feather":2,"minecraft:andesite":8,"minecraft:leather":5,"minecraft:black_bed":1,"minecraft:brown_wool":1,"minecraft:potato":10,"minecraft:oak_log":30,"minecraft:yellow_bed":4,"minecraft:dirt":53,"minecraft:polished_granite":1,"minecraft:glass":12,"minecraft:bone":8,"minecraft:stone_bricks":1,"minecraft:wheat_seeds":45,"minecraft:iron_ingot":32,"minecraft:stone_pickaxe":1,"minecraft:mossy_stone_bricks":9,"minecraft:glass_bottle":1,"minecraft:oak_planks":88,"minecraft:chiseled_stone_bricks":2,"minecraft:dandelion":1,"minecraft:gravel":3,"minecraft:sand":24,"minecraft:white_bed":3,"minecraft:mossy_cobblestone":2,"minecraft:diamond":6,"minecraft:stone_axe":2,"minecraft:oak_sapling":3,"minecraft:melon_seeds":4,"minecraft:coal":25}},"DataVersion":3465}