{"stats":{"minecraft:dropped":{"toughasnails:empty_iron_canteen":3,"minecraft:iron_ingot":3,"minecraft:bread":175,"minecraft:wheat_seeds":29,"minecraft:diamond":2,"minecraft:cobblestone":4,"minecraft:leather":2,"minecraft:rail":3,"minecraft:coal":11,"minecraft:emerald":1,"minecraft:stick":1,"minecraft:oxeye_daisy":1,"minecraft:dirt":9,"minecraft:cornflower":1,"minecraft:mutton":3,"minecraft:oak_stairs":2,"minecraft:pumpkin":1,"minecraft:iron_pickaxe":1,"minecraft:white_wool":1,"minecraft:acacia_planks":1,"minecraft:dandelion":5,"minecraft:cauldron":1,"minecraft:gravel":8,"minecraft:wheat":14,"minecraft:composter":2,"minecraft:beetroot":1,"minecraft:rotten_flesh":11,"minecraft:oak_planks":3,"minecraft:azure_bluet":1,"minecraft:poppy":7,"minecraft:hay_block":6,"minecraft:shield":1,"minecraft:diamond_pickaxe":1,"minecraft:beetroot_seeds":3,"minecraft:melon_seeds":2,"minecraft:oak_sapling":1,"minecraft:ladder":1,"minecraft:spider_eye":1,"minecraft:beef":3,"minecraft:stone_pickaxe":1,"minecraft:acacia_fence":1,"minecraft:egg":1},"minecraft:used":{"toughasnails:thermoregulator":2,"minecraft:iron_shovel":398,"minecraft:ladder":3,"minecraft:chest":10,"minecraft:shield":14,"minecraft:iron_sword":43,"minecraft:bell":2,"minecraft:iron_chestplate":1,"minecraft:orange_bed":2,"minecraft:torch":38,"minecraft:dirt":108,"toughasnails:empty_iron_canteen":1,"minecraft:carrot":3,"minecraft:iron_hoe":45,"minecraft:packed_ice":1,"minecraft:iron_axe":13,"minecraft:iron_boots":3,"minecraft:iron_helmet":1,"minecraft:goat_horn":2,"minecraft:furnace":6,"minecraft:acacia_fence":5,"minecraft:egg":3,"minecraft:cobbled_deepslate":85,"minecraft:acacia_planks":1,"minecraft:iron_leggings":2,"minecraft:water_bucket":43,"minecraft:diorite":6,"minecraft:stone_pickaxe":2,"minecraft:oak_planks":62,"minecraft:sugar_cane":8,"minecraft:composter":2,"minecraft:diamond_axe":152,"minecraft:fletching_table":2,"minecraft:golden_apple":1,"minecraft:crafting_table":5,"minecraft:white_bed":3,"toughasnails:gold_water_canteen":104,"minecraft:oak_log":10,"toughasnails:empty_gold_canteen":2,"minecraft:apple":34,"minecraft:bread":35,"minecraft:iron_pickaxe":194,"minecraft:gravel":3,"minecraft:cobblestone":99,"minecraft:andesite":1,"minecraft:bucket":44,"minecraft:yellow_bed":1,"toughasnails:iron_water_canteen":9},"minecraft:broken":{"toughasnails:gold_water_canteen":3,"toughasnails:iron_water_canteen":1},"minecraft:mined":{"minecraft:white_bed":1,"minecraft:deepslate_diamond_ore":3,"minecraft:acacia_log":1,"minecraft:grass_block":240,"minecraft:composter":5,"minecraft:hay_block":43,"minecraft:furnace":6,"minecraft:carrots":12,"minecraft:cobbled_deepslate":2,"minecraft:fire":2,"minecraft:acacia_wood":2,"minecraft:acacia_stairs":1,"minecraft:andesite":1,"minecraft:pumpkin":1,"minecraft:deepslate_lapis_ore":11,"minecraft:fletching_table":1,"minecraft:bell":2,"minecraft:dirt_path":19,"minecraft:water_cauldron":2,"minecraft:oak_stairs":1,"minecraft:packed_ice":1,"minecraft:stone":44,"minecraft:orange_bed":2,"minecraft:glass_pane":1,"minecraft:dandelion":4,"minecraft:powder_snow":6,"minecraft:cornflower":1,"minecraft:crafting_table":2,"minecraft:poppy":1,"minecraft:chest":1,"minecraft:tall_grass":7,"minecraft:cobblestone":14,"minecraft:deepslate_gold_ore":7,"minecraft:oak_planks":14,"minecraft:sugar_cane":3,"minecraft:diorite":5,"minecraft:wall_torch":1,"minecraft:wheat":5,"minecraft:grass":131,"minecraft:oak_log":28,"minecraft:beetroots":1,"minecraft:acacia_fence":5,"minecraft:gravel":20,"minecraft:loom":1,"minecraft:dirt":104,"toughasnails:thermoregulator":3,"minecraft:cobweb":1,"minecraft:acacia_planks":1,"minecraft:oak_leaves":3,"minecraft:deepslate":85},"minecraft:custom":{"minecraft:mob_kills":35,"minecraft:interact_with_crafting_table":45,"minecraft:bell_ring":33,"minecraft:leave_game":7,"minecraft:time_since_death":321,"minecraft:climb_one_cm":11195,"minecraft:sprint_one_cm":347085,"minecraft:walk_one_cm":461501,"minecraft:damage_blocked_by_shield":454,"minecraft:drop":164,"minecraft:talked_to_villager":36,"minecraft:play_time":148789,"minecraft:sneak_time":8147,"minecraft:deaths":14,"minecraft:walk_under_water_one_cm":4922,"minecraft:jump":3808,"minecraft:walk_on_water_one_cm":12984,"minecraft:total_world_time":148789,"minecraft:interact_with_furnace":28,"minecraft:traded_with_villager":60,"minecraft:sleep_in_bed":3,"minecraft:time_since_rest":346,"minecraft:damage_taken":15904,"minecraft:damage_dealt":11691,"minecraft:player_kills":4,"minecraft:swim_one_cm":11273,"minecraft:fly_one_cm":596223,"minecraft:open_chest":98,"minecraft:crouch_one_cm":21316,"minecraft:fall_one_cm":241763},"minecraft:killed_by":{"minecraft:player":2,"minecraft:iron_golem":2},"minecraft:killed":{"minecraft:cave_spider":1,"minecraft:spider":2,"minecraft:skeleton":1,"minecraft:horse":2,"minecraft:iron_golem":7,"minecraft:sheep":10,"minecraft:zombie":6,"minecraft:villager":1,"minecraft:cow":3},"minecraft:crafted":{"minecraft:oak_planks":108,"minecraft:iron_boots":1,"minecraft:iron_axe":2,"minecraft:ladder":3,"minecraft:iron_hoe":1,"minecraft:chest":10,"minecraft:wheat":446,"minecraft:emerald":60,"minecraft:diamond_axe":1,"minecraft:crafting_table":2,"minecraft:iron_helmet":1,"minecraft:iron_sword":1,"minecraft:fletching_table":2,"minecraft:bucket":1,"minecraft:bread":150,"minecraft:air":0,"minecraft:iron_chestplate":1,"minecraft:charcoal":11,"minecraft:shield":1,"minecraft:stick":1768,"minecraft:iron_ingot":13,"minecraft:iron_pickaxe":1,"minecraft:iron_shovel":3,"minecraft:iron_leggings":1,"minecraft:acacia_planks":260,"minecraft:torch":48},"minecraft:picked_up":{"minecraft:crafting_table":4,"minecraft:charcoal":1,"minecraft:iron_chestplate":4,"minecraft:wheat":18,"minecraft:azure_bluet":1,"minecraft:ladder":1,"minecraft:packed_ice":1,"minecraft:oak_stairs":2,"toughasnails:empty_iron_canteen":3,"minecraft:shield":5,"minecraft:cornflower":1,"minecraft:string":3,"minecraft:iron_axe":1,"minecraft:iron_leggings":4,"minecraft:iron_shovel":1,"minecraft:beetroot":1,"toughasnails:iron_water_canteen":2,"minecraft:cobbled_deepslate":85,"toughasnails:thermoregulator":3,"minecraft:beef":5,"minecraft:poppy":6,"minecraft:iron_pickaxe":3,"minecraft:light_gray_wool":2,"minecraft:sugar_cane":8,"minecraft:birch_sapling":1,"minecraft:furnace":8,"minecraft:iron_boots":4,"minecraft:egg":6,"minecraft:stick":1490,"minecraft:raw_iron":4,"minecraft:acacia_fence":8,"minecraft:composter":4,"minecraft:torch":13,"minecraft:acacia_log":1,"minecraft:diorite":6,"minecraft:carrot":56,"minecraft:goat_horn":1,"minecraft:cauldron":1,"minecraft:orange_bed":2,"minecraft:rotten_flesh":11,"minecraft:beetroot_seeds":3,"minecraft:hay_block":56,"minecraft:mutton":22,"minecraft:rail":3,"minecraft:white_wool":13,"minecraft:cobblestone":98,"minecraft:oxeye_daisy":1,"minecraft:water_bucket":1,"minecraft:andesite":1,"minecraft:leather":8,"minecraft:flint":4,"minecraft:oak_log":95,"minecraft:yellow_bed":2,"minecraft:lapis_lazuli":146,"minecraft:dirt":453,"minecraft:acacia_planks":10,"minecraft:apple":63,"minecraft:bow":1,"minecraft:wheat_seeds":56,"minecraft:raw_gold":14,"minecraft:bell":2,"minecraft:stone_pickaxe":1,"minecraft:iron_ingot":47,"minecraft:fletching_table":2,"minecraft:iron_sword":4,"minecraft:oak_planks":132,"minecraft:pumpkin":1,"minecraft:dandelion":7,"minecraft:gravel":11,"toughasnails:thermometer":1,"toughasnails:empty_leather_canteen":2,"toughasnails:gold_water_canteen":6,"toughasnails:empty_gold_canteen":2,"minecraft:blast_furnace":4,"minecraft:white_bed":6,"minecraft:loom":2,"minecraft:spider_eye":3,"minecraft:iron_hoe":2,"minecraft:diamond":5,"minecraft:iron_helmet":4,"minecraft:diamond_axe":4,"minecraft:emerald":303,"minecraft:bread":268,"minecraft:oak_sapling":3,"minecraft:melon_seeds":8,"minecraft:coal":29,"minecraft:diamond_pickaxe":1}},"DataVersion":3465}